Id;PropertySize;PropertyValues
0;1;0.0000000000000000e+00
1;1;0.0000000000000000e+00
2;1;0.0000000000000000e+00
3;1;0.0000000000000000e+00
4;1;0.0000000000000000e+00
5;1;0.0000000000000000e+00
6;1;1.0000000000000000e+00
7;1;1.0000000000000000e+00
8;1;1.0000000000000000e+00
