Id;Marker;Active;X;Y;Z
0;1;1;0.0000000000000000e+00;0.0000000000000000e+00;0.0000000000000000e+00
1;2;1;1.0000000000000000e+00;0.0000000000000000e+00;0.0000000000000000e+00
2;3;1;1.0000000000000000e+00;1.0000000000000000e+00;0.0000000000000000e+00
3;4;1;0.0000000000000000e+00;1.0000000000000000e+00;0.0000000000000000e+00
4;0;1;5.0000000000000011e-01;5.0000000000000011e-01;0.0000000000000000e+00
5;0;1;2.5000000000000000e-01;2.5000000000000000e-01;0.0000000000000000e+00
6;0;1;3.4999999999999998e-01;3.4999999999999998e-01;0.0000000000000000e+00
